rownum,text,userid,full_document_structure,document_structure,content_structure,at_mention_spans,emoji_spans,url_spans,emoji_spans_as_lists,emoji_list,emoji_unique_list
1,Show your ğŸ¤š hands panther fans ğŸ¤š,1,"[('text', 4, ['Show', ' ', 'your', ' ']), ('emoji', 1, ['ğŸ¤š']), ('text', 6, ['hands', ' ', 'panther', ' ', 'fans', ' ']), ('emoji', 1, ['ğŸ¤š'])]","[('text', 4), ('emoji', 1), ('text', 6), ('emoji', 1)]","['text', 'emoji', 'text', 'emoji']",[],"[('ğŸ¤š',), ('ğŸ¤š',)]",[],"[['ğŸ¤š'], ['ğŸ¤š']]","['ğŸ¤š', 'ğŸ¤š']",['ğŸ¤š']
2,@user92 @user14 so many people,2,"[('at_mention', 2, ['@user92', '@user14']), ('text', 5, ['so', ' ', 'many', ' ', 'people'])]","[('at_mention', 2), ('text', 5)]","['at_mention', 'text']","[('@user92', '@user14')]",[],[],[],[],[]
3,ğŸ§¡ğŸ’™Let's go panthers!ğŸ’™ğŸ§¡,3,"[('emoji', 2, ['ğŸ§¡', 'ğŸ’™']), ('text', 5, [""Let's"", ' ', 'go', ' ', 'panthers']), ('punctuation', 1, ['!']), ('emoji', 2, ['ğŸ’™', 'ğŸ§¡'])]","[('emoji', 2), ('text', 5), ('punctuation', 1), ('emoji', 2)]","['emoji', 'text', 'punctuation', 'emoji']",[],"[('ğŸ§¡', 'ğŸ’™'), ('ğŸ’™', 'ğŸ§¡')]",[],"[['ğŸ§¡', 'ğŸ’™'], ['ğŸ’™', 'ğŸ§¡']]","['ğŸ§¡', 'ğŸ’™', 'ğŸ’™', 'ğŸ§¡']","['ğŸ’™', 'ğŸ§¡']"
4,4,0,"[('text', 1, ['4'])]","[('text', 1)]",['text'],[],[],[],[],[],[]
5,RT @here @there @everywhere #hashtag #emojitest is all 4ï¸âƒ£ â¤ï¸ more ğŸ‡¦ğŸ‡º ğŸ‘¨ğŸ¾â€ğŸ‘©ğŸ¾â€ğŸ‘§ğŸ¾â€ğŸ‘¦ğŸ¾txt and more!!! https://www.url.com ğŸ§µğŸ‘¨ğŸ¾â€ğŸ‘©ğŸ¾â€ğŸ‘§ğŸ¾â€ğŸ‘¦ğŸ¾ğŸ‘©ğŸ¾â€ğŸ’»ğŸ‘ªğŸ¿ ğŸ—³ï¸ğŸ—³ ğŸ˜ƒ ğŸŸ https://www.url.com,0,"[('RT', 1, ['RT']), ('at_mention', 3, ['@here', '@there', '@everywhere']), ('hashtag', 2, ['#hashtag', '#emojitest']), ('text', 4, ['is', ' ', 'all', ' ']), ('emoji', 2, ['4ï¸âƒ£', 'â¤ï¸']), ('text', 2, ['more', ' ']), ('emoji', 2, ['ğŸ‡¦ğŸ‡º', 'ğŸ‘¨ğŸ¾\u200dğŸ‘©ğŸ¾\u200dğŸ‘§ğŸ¾\u200dğŸ‘¦ğŸ¾']), ('text', 5, ['txt', ' ', 'and', ' ', 'more']), ('punctuation', 3, ['!', '!', '!']), ('url', 1, ['https://www.url.com']), ('emoji', 8, ['ğŸ§µ', 'ğŸ‘¨ğŸ¾\u200dğŸ‘©ğŸ¾\u200dğŸ‘§ğŸ¾\u200dğŸ‘¦ğŸ¾', 'ğŸ‘©ğŸ¾\u200dğŸ’»', 'ğŸ‘ªğŸ¿', 'ğŸ—³ï¸', 'ğŸ—³ï¸', 'ğŸ˜ƒ', '\U0001f7e0']), ('url', 1, ['https://www.url.com'])]","[('RT', 1), ('at_mention', 3), ('hashtag', 2), ('text', 4), ('emoji', 2), ('text', 2), ('emoji', 2), ('text', 5), ('punctuation', 3), ('url', 1), ('emoji', 8), ('url', 1)]","['RT', 'at_mention', 'hashtag', 'text', 'emoji', 'text', 'emoji', 'text', 'punctuation', 'url', 'emoji', 'url']","[('@here', '@there', '@everywhere')]","[('4ï¸âƒ£', 'â¤ï¸'), ('ğŸ‡¦ğŸ‡º', 'ğŸ‘¨ğŸ¾\u200dğŸ‘©ğŸ¾\u200dğŸ‘§ğŸ¾\u200dğŸ‘¦ğŸ¾'), ('ğŸ§µ', 'ğŸ‘¨ğŸ¾\u200dğŸ‘©ğŸ¾\u200dğŸ‘§ğŸ¾\u200dğŸ‘¦ğŸ¾', 'ğŸ‘©ğŸ¾\u200dğŸ’»', 'ğŸ‘ªğŸ¿', 'ğŸ—³ï¸', 'ğŸ—³ï¸', 'ğŸ˜ƒ', '\U0001f7e0')]","[('https://www.url.com',), ('https://www.url.com',)]","[['4ï¸âƒ£', 'â¤ï¸'], ['ğŸ‡¦ğŸ‡º', 'ğŸ‘¨ğŸ¾\u200dğŸ‘©ğŸ¾\u200dğŸ‘§ğŸ¾\u200dğŸ‘¦ğŸ¾'], ['ğŸ§µ', 'ğŸ‘¨ğŸ¾\u200dğŸ‘©ğŸ¾\u200dğŸ‘§ğŸ¾\u200dğŸ‘¦ğŸ¾', 'ğŸ‘©ğŸ¾\u200dğŸ’»', 'ğŸ‘ªğŸ¿', 'ğŸ—³ï¸', 'ğŸ—³ï¸', 'ğŸ˜ƒ', '\U0001f7e0']]","['4ï¸âƒ£', 'â¤ï¸', 'ğŸ‡¦ğŸ‡º', 'ğŸ‘¨ğŸ¾\u200dğŸ‘©ğŸ¾\u200dğŸ‘§ğŸ¾\u200dğŸ‘¦ğŸ¾', 'ğŸ§µ', 'ğŸ‘¨ğŸ¾\u200dğŸ‘©ğŸ¾\u200dğŸ‘§ğŸ¾\u200dğŸ‘¦ğŸ¾', 'ğŸ‘©ğŸ¾\u200dğŸ’»', 'ğŸ‘ªğŸ¿', 'ğŸ—³ï¸', 'ğŸ—³ï¸', 'ğŸ˜ƒ', '\U0001f7e0']","['4ï¸âƒ£', 'â¤ï¸', 'ğŸ‡¦ğŸ‡º', 'ğŸ‘¨ğŸ¾\u200dğŸ‘©ğŸ¾\u200dğŸ‘§ğŸ¾\u200dğŸ‘¦ğŸ¾', 'ğŸ‘©ğŸ¾\u200dğŸ’»', 'ğŸ‘ªğŸ¿', 'ğŸ—³ï¸', 'ğŸ˜ƒ', '\U0001f7e0', 'ğŸ§µ']"
6,,0,[],[],[],[],[],[],[],[],[]
7,@user36 @user37 @user38 @user39 @user40 Today!ğŸ‘‡ğŸ‘‡ğŸ‘‡  ,4,"[('at_mention', 5, ['@user36', '@user37', '@user38', '@user39', '@user40']), ('text', 1, ['Today']), ('punctuation', 1, ['!']), ('emoji', 3, ['ğŸ‘‡', 'ğŸ‘‡', 'ğŸ‘‡'])]","[('at_mention', 5), ('text', 1), ('punctuation', 1), ('emoji', 3)]","['at_mention', 'text', 'punctuation', 'emoji']","[('@user36', '@user37', '@user38', '@user39', '@user40')]","[('ğŸ‘‡', 'ğŸ‘‡', 'ğŸ‘‡')]",[],"[['ğŸ‘‡', 'ğŸ‘‡', 'ğŸ‘‡']]","['ğŸ‘‡', 'ğŸ‘‡', 'ğŸ‘‡']",['ğŸ‘‡']
8,snowtastrophe out there be carefulz ğŸŒ¨â„ï¸,5,"[('text', 10, ['snowtastrophe', ' ', 'out', ' ', 'there', ' ', 'be', ' ', 'carefulz', ' ']), ('emoji', 2, ['ğŸŒ¨ï¸', 'â„ï¸'])]","[('text', 10), ('emoji', 2)]","['text', 'emoji']",[],"[('ğŸŒ¨ï¸', 'â„ï¸')]",[],"[['ğŸŒ¨ï¸', 'â„ï¸']]","['ğŸŒ¨ï¸', 'â„ï¸']","['â„ï¸', 'ğŸŒ¨ï¸']"
9,RT @user19 @user42 @user11 no foolin! â¬‡ï¸ Heâ€™s not playing. ,89,"[('RT', 1, ['RT']), ('at_mention', 3, ['@user19', '@user42', '@user11']), ('text', 3, ['no', ' ', 'foolin']), ('punctuation', 1, ['!']), ('emoji', 1, ['â¬‡ï¸']), ('text', 5, ['Heâ€™s', ' ', 'not', ' ', 'playing']), ('punctuation', 1, ['. '])]","[('RT', 1), ('at_mention', 3), ('text', 3), ('punctuation', 1), ('emoji', 1), ('text', 5), ('punctuation', 1)]","['RT', 'at_mention', 'text', 'punctuation', 'emoji', 'text', 'punctuation']","[('@user19', '@user42', '@user11')]","[('â¬‡ï¸',)]",[],[['â¬‡ï¸']],['â¬‡ï¸'],['â¬‡ï¸']
10,This is my fav place ğŸœğŸ²ğŸ˜‹ â¤ï¸,24,"[('text', 10, ['This', ' ', 'is', ' ', 'my', ' ', 'fav', ' ', 'place', ' ']), ('emoji', 4, ['ğŸœ', 'ğŸ²', 'ğŸ˜‹', 'â¤ï¸'])]","[('text', 10), ('emoji', 4)]","['text', 'emoji']",[],"[('ğŸœ', 'ğŸ²', 'ğŸ˜‹', 'â¤ï¸')]",[],"[['ğŸœ', 'ğŸ²', 'ğŸ˜‹', 'â¤ï¸']]","['ğŸœ', 'ğŸ²', 'ğŸ˜‹', 'â¤ï¸']","['â¤ï¸', 'ğŸœ', 'ğŸ²', 'ğŸ˜‹']"
11,RT @user31 @user22 @user91  ğŸ’¥UPDATE! ğŸ’¥ this breaking news just in that ,31,"[('RT', 1, ['RT']), ('at_mention', 3, ['@user31', '@user22', '@user91']), ('emoji', 1, ['ğŸ’¥']), ('text', 1, ['UPDATE']), ('punctuation', 1, ['!']), ('emoji', 1, ['ğŸ’¥']), ('text', 12, ['this', ' ', 'breaking', ' ', 'news', ' ', 'just', ' ', 'in', ' ', 'that', ' '])]","[('RT', 1), ('at_mention', 3), ('emoji', 1), ('text', 1), ('punctuation', 1), ('emoji', 1), ('text', 12)]","['RT', 'at_mention', 'emoji', 'text', 'punctuation', 'emoji', 'text']","[('@user31', '@user22', '@user91')]","[('ğŸ’¥',), ('ğŸ’¥',)]",[],"[['ğŸ’¥'], ['ğŸ’¥']]","['ğŸ’¥', 'ğŸ’¥']",['ğŸ’¥']
12,Time for happy hour! Going to Rossi's @user103 https://www.url.com,33,"[('text', 7, ['Time', ' ', 'for', ' ', 'happy', ' ', 'hour']), ('punctuation', 1, ['!']), ('text', 6, ['Going', ' ', 'to', ' ', ""Rossi's"", ' ']), ('at_mention', 1, ['@user103']), ('url', 1, ['https://www.url.com'])]","[('text', 7), ('punctuation', 1), ('text', 6), ('at_mention', 1), ('url', 1)]","['text', 'punctuation', 'text', 'at_mention', 'url']","[('@user103',)]",[],"[('https://www.url.com',)]",[],[],[]
13,@user2 everyone is so excited to be here at the rally,35,"[('at_mention', 1, ['@user2']), ('text', 19, ['everyone', ' ', 'is', ' ', 'so', ' ', 'excited', ' ', 'to', ' ', 'be', ' ', 'here', ' ', 'at', ' ', 'the', ' ', 'rally'])]","[('at_mention', 1), ('text', 19)]","['at_mention', 'text']","[('@user2',)]",[],[],[],[],[]
14,â˜ºï¸ 5 days left and anxiously waiting,52,"[('emoji', 1, ['â˜ºï¸']), ('text', 11, ['5', ' ', 'days', ' ', 'left', ' ', 'and', ' ', 'anxiously', ' ', 'waiting'])]","[('emoji', 1), ('text', 11)]","['emoji', 'text']",[],"[('â˜ºï¸',)]",[],[['â˜ºï¸']],['â˜ºï¸'],['â˜ºï¸']
15,This place is so good. Best pizza and drinks ever.,62,"[('text', 9, ['This', ' ', 'place', ' ', 'is', ' ', 'so', ' ', 'good']), ('punctuation', 1, ['. ']), ('text', 9, ['Best', ' ', 'pizza', ' ', 'and', ' ', 'drinks', ' ', 'ever.'])]","[('text', 9), ('punctuation', 1), ('text', 9)]","['text', 'punctuation', 'text']",[],[],[],[],[],[]
16,ğŸ˜   Nope!  Not now. Not here ğŸ“http://www.url.com,72,"[('emoji', 1, ['ğŸ˜ ']), ('text', 1, ['Nope']), ('punctuation', 1, ['!']), ('text', 3, ['Not', ' ', 'now']), ('punctuation', 1, ['. ']), ('text', 4, ['Not', ' ', 'here', ' ']), ('emoji', 1, ['ğŸ“']), ('url', 1, ['http://www.url.com'])]","[('emoji', 1), ('text', 1), ('punctuation', 1), ('text', 3), ('punctuation', 1), ('text', 4), ('emoji', 1), ('url', 1)]","['emoji', 'text', 'punctuation', 'text', 'punctuation', 'text', 'emoji', 'url']",[],"[('ğŸ˜ ',), ('ğŸ“',)]","[('http://www.url.com',)]","[['ğŸ˜ '], ['ğŸ“']]","['ğŸ˜ ', 'ğŸ“']","['ğŸ“', 'ğŸ˜ ']"
17,@user54  Who wants to play âš½ï¸ğŸƒğŸ¾â€â™‚ï¸ @user92,85,"[('at_mention', 1, ['@user54']), ('text', 8, ['Who', ' ', 'wants', ' ', 'to', ' ', 'play', ' ']), ('emoji', 2, ['âš½', 'ğŸƒğŸ¾\u200dâ™‚ï¸']), ('at_mention', 1, ['@user92'])]","[('at_mention', 1), ('text', 8), ('emoji', 2), ('at_mention', 1)]","['at_mention', 'text', 'emoji', 'at_mention']","[('@user54',), ('@user92',)]","[('âš½', 'ğŸƒğŸ¾\u200dâ™‚ï¸')]",[],"[['âš½', 'ğŸƒğŸ¾\u200dâ™‚ï¸']]","['âš½', 'ğŸƒğŸ¾\u200dâ™‚ï¸']","['âš½', 'ğŸƒğŸ¾\u200dâ™‚ï¸']"
18,RT @user9  right  ğŸ¤£ wrong on so many levels!,89,"[('RT', 1, ['RT']), ('at_mention', 1, ['@user9']), ('text', 3, ['right', ' ', ' ']), ('emoji', 1, ['ğŸ¤£']), ('text', 9, ['wrong', ' ', 'on', ' ', 'so', ' ', 'many', ' ', 'levels']), ('punctuation', 1, ['!'])]","[('RT', 1), ('at_mention', 1), ('text', 3), ('emoji', 1), ('text', 9), ('punctuation', 1)]","['RT', 'at_mention', 'text', 'emoji', 'text', 'punctuation']","[('@user9',)]","[('ğŸ¤£',)]",[],[['ğŸ¤£']],['ğŸ¤£'],['ğŸ¤£']
19,RT @user86 ğŸ™„,1,"[('RT', 1, ['RT']), ('at_mention', 1, ['@user86']), ('emoji', 1, ['ğŸ™„'])]","[('RT', 1), ('at_mention', 1), ('emoji', 1)]","['RT', 'at_mention', 'emoji']","[('@user86',)]","[('ğŸ™„',)]",[],[['ğŸ™„']],['ğŸ™„'],['ğŸ™„']
20,All the people out in the @user101 park today is sing of spring ğŸ”ğŸŒ²ğŸŒ³http://www.url.com,17,"[('text', 12, ['All', ' ', 'the', ' ', 'people', ' ', 'out', ' ', 'in', ' ', 'the', ' ']), ('at_mention', 1, ['@user101']), ('text', 12, ['park', ' ', 'today', ' ', 'is', ' ', 'sing', ' ', 'of', ' ', 'spring', ' ']), ('emoji', 3, ['ğŸ”ï¸', 'ğŸŒ²', 'ğŸŒ³']), ('url', 1, ['http://www.url.com'])]","[('text', 12), ('at_mention', 1), ('text', 12), ('emoji', 3), ('url', 1)]","['text', 'at_mention', 'text', 'emoji', 'url']","[('@user101',)]","[('ğŸ”ï¸', 'ğŸŒ²', 'ğŸŒ³')]","[('http://www.url.com',)]","[['ğŸ”ï¸', 'ğŸŒ²', 'ğŸŒ³']]","['ğŸ”ï¸', 'ğŸŒ²', 'ğŸŒ³']","['ğŸŒ²', 'ğŸŒ³', 'ğŸ”ï¸']"
21,dirty cars ğŸ‘‰ wash them https://www.url.com @user54,88,"[('text', 4, ['dirty', ' ', 'cars', ' ']), ('emoji', 1, ['ğŸ‘‰']), ('text', 4, ['wash', ' ', 'them', ' ']), ('url', 1, ['https://www.url.com']), ('at_mention', 1, ['@user54'])]","[('text', 4), ('emoji', 1), ('text', 4), ('url', 1), ('at_mention', 1)]","['text', 'emoji', 'text', 'url', 'at_mention']","[('@user54',)]","[('ğŸ‘‰',)]","[('https://www.url.com',)]",[['ğŸ‘‰']],['ğŸ‘‰'],['ğŸ‘‰']
22,So much work so little time,24,"[('text', 11, ['So', ' ', 'much', ' ', 'work', ' ', 'so', ' ', 'little', ' ', 'time'])]","[('text', 11)]",['text'],[],[],[],[],[],[]
23,@user94 barbacoa wit suzm chili sauce! So good. So hot!  ğŸŒ®ğŸŒ¶ğŸ¥µyou got me tony's tacos!,7,"[('at_mention', 1, ['@user94']), ('text', 9, ['barbacoa', ' ', 'wit', ' ', 'suzm', ' ', 'chili', ' ', 'sauce']), ('punctuation', 1, ['!']), ('text', 3, ['So', ' ', 'good']), ('punctuation', 1, ['. ']), ('text', 3, ['So', ' ', 'hot']), ('punctuation', 1, ['!']), ('emoji', 3, ['ğŸŒ®', 'ğŸŒ¶ï¸', 'ğŸ¥µ']), ('text', 9, ['you', ' ', 'got', ' ', 'me', ' ', ""tony's"", ' ', 'tacos']), ('punctuation', 1, ['!'])]","[('at_mention', 1), ('text', 9), ('punctuation', 1), ('text', 3), ('punctuation', 1), ('text', 3), ('punctuation', 1), ('emoji', 3), ('text', 9), ('punctuation', 1)]","['at_mention', 'text', 'punctuation', 'text', 'punctuation', 'text', 'punctuation', 'emoji', 'text', 'punctuation']","[('@user94',)]","[('ğŸŒ®', 'ğŸŒ¶ï¸', 'ğŸ¥µ')]",[],"[['ğŸŒ®', 'ğŸŒ¶ï¸', 'ğŸ¥µ']]","['ğŸŒ®', 'ğŸŒ¶ï¸', 'ğŸ¥µ']","['ğŸŒ®', 'ğŸŒ¶ï¸', 'ğŸ¥µ']"
24,RT @user19 @user42 @user11 If you here for the rally ğŸ¤šğŸ”µ raise your hands for blue ğŸ¤šğŸ”µ,2,"[('RT', 1, ['RT']), ('at_mention', 3, ['@user19', '@user42', '@user11']), ('text', 12, ['If', ' ', 'you', ' ', 'here', ' ', 'for', ' ', 'the', ' ', 'rally', ' ']), ('emoji', 2, ['ğŸ¤š', 'ğŸ”µ']), ('text', 10, ['raise', ' ', 'your', ' ', 'hands', ' ', 'for', ' ', 'blue', ' ']), ('emoji', 2, ['ğŸ¤š', 'ğŸ”µ'])]","[('RT', 1), ('at_mention', 3), ('text', 12), ('emoji', 2), ('text', 10), ('emoji', 2)]","['RT', 'at_mention', 'text', 'emoji', 'text', 'emoji']","[('@user19', '@user42', '@user11')]","[('ğŸ¤š', 'ğŸ”µ'), ('ğŸ¤š', 'ğŸ”µ')]",[],"[['ğŸ¤š', 'ğŸ”µ'], ['ğŸ¤š', 'ğŸ”µ']]","['ğŸ¤š', 'ğŸ”µ', 'ğŸ¤š', 'ğŸ”µ']","['ğŸ”µ', 'ğŸ¤š']"
25,RT @user92 ğŸ’ªhoping he wins ğŸ™ ğŸ’ªvote red ğŸ™ ğŸ’ªvote nowğŸ™  ğŸ”´,3,"[('RT', 1, ['RT']), ('at_mention', 1, ['@user92']), ('emoji', 1, ['ğŸ’ª']), ('text', 6, ['hoping', ' ', 'he', ' ', 'wins', ' ']), ('emoji', 2, ['ğŸ™', 'ğŸ’ª']), ('text', 4, ['vote', ' ', 'red', ' ']), ('emoji', 2, ['ğŸ™', 'ğŸ’ª']), ('text', 3, ['vote', ' ', 'now']), ('emoji', 2, ['ğŸ™', 'ğŸ”´'])]","[('RT', 1), ('at_mention', 1), ('emoji', 1), ('text', 6), ('emoji', 2), ('text', 4), ('emoji', 2), ('text', 3), ('emoji', 2)]","['RT', 'at_mention', 'emoji', 'text', 'emoji', 'text', 'emoji', 'text', 'emoji']","[('@user92',)]","[('ğŸ’ª',), ('ğŸ™', 'ğŸ’ª'), ('ğŸ™', 'ğŸ’ª'), ('ğŸ™', 'ğŸ”´')]",[],"[['ğŸ’ª'], ['ğŸ™', 'ğŸ’ª'], ['ğŸ™', 'ğŸ’ª'], ['ğŸ™', 'ğŸ”´']]","['ğŸ’ª', 'ğŸ™', 'ğŸ’ª', 'ğŸ™', 'ğŸ’ª', 'ğŸ™', 'ğŸ”´']","['ğŸ’ª', 'ğŸ”´', 'ğŸ™']"
26,@user63 She forgot to bring it!!!,4,"[('at_mention', 1, ['@user63']), ('text', 9, ['She', ' ', 'forgot', ' ', 'to', ' ', 'bring', ' ', 'it']), ('punctuation', 3, ['!', '!', '!'])]","[('at_mention', 1), ('text', 9), ('punctuation', 3)]","['at_mention', 'text', 'punctuation']","[('@user63',)]",[],[],[],[],[]
27,RT @user31 @user22 @user91 ğŸš¨EMERGENCY ALERTğŸš¨  Weather report flash flooding.,11,"[('RT', 1, ['RT']), ('at_mention', 3, ['@user31', '@user22', '@user91']), ('emoji', 1, ['ğŸš¨']), ('text', 3, ['EMERGENCY', ' ', 'ALERT']), ('emoji', 1, ['ğŸš¨']), ('text', 7, ['Weather', ' ', 'report', ' ', 'flash', ' ', 'flooding.'])]","[('RT', 1), ('at_mention', 3), ('emoji', 1), ('text', 3), ('emoji', 1), ('text', 7)]","['RT', 'at_mention', 'emoji', 'text', 'emoji', 'text']","[('@user31', '@user22', '@user91')]","[('ğŸš¨',), ('ğŸš¨',)]",[],"[['ğŸš¨'], ['ğŸš¨']]","['ğŸš¨', 'ğŸš¨']",['ğŸš¨']
28,she is going to rock this today ğŸ”¥ğŸ’¥ğŸ”¥ so proud these days â­ï¸â¤ï¸â­ï¸  ,13,"[('text', 14, ['she', ' ', 'is', ' ', 'going', ' ', 'to', ' ', 'rock', ' ', 'this', ' ', 'today', ' ']), ('emoji', 3, ['ğŸ”¥', 'ğŸ’¥', 'ğŸ”¥']), ('text', 8, ['so', ' ', 'proud', ' ', 'these', ' ', 'days', ' ']), ('emoji', 3, ['â­', 'â¤ï¸', 'â­'])]","[('text', 14), ('emoji', 3), ('text', 8), ('emoji', 3)]","['text', 'emoji', 'text', 'emoji']",[],"[('ğŸ”¥', 'ğŸ’¥', 'ğŸ”¥'), ('â­', 'â¤ï¸', 'â­')]",[],"[['ğŸ”¥', 'ğŸ’¥', 'ğŸ”¥'], ['â­', 'â¤ï¸', 'â­']]","['ğŸ”¥', 'ğŸ’¥', 'ğŸ”¥', 'â­', 'â¤ï¸', 'â­']","['â¤ï¸', 'â­', 'ğŸ’¥', 'ğŸ”¥']"
29,RT @user49 Get out the Catholic  âœï¸ â¤ï¸  vote todayğŸ”µVote Blue!ğŸ”µ,15,"[('RT', 1, ['RT']), ('at_mention', 1, ['@user49']), ('text', 9, ['Get', ' ', 'out', ' ', 'the', ' ', 'Catholic', ' ', ' ']), ('emoji', 2, ['âœï¸', 'â¤ï¸']), ('text', 3, ['vote', ' ', 'today']), ('emoji', 1, ['ğŸ”µ']), ('text', 3, ['Vote', ' ', 'Blue']), ('punctuation', 1, ['!']), ('emoji', 1, ['ğŸ”µ'])]","[('RT', 1), ('at_mention', 1), ('text', 9), ('emoji', 2), ('text', 3), ('emoji', 1), ('text', 3), ('punctuation', 1), ('emoji', 1)]","['RT', 'at_mention', 'text', 'emoji', 'text', 'emoji', 'text', 'punctuation', 'emoji']","[('@user49',)]","[('âœï¸', 'â¤ï¸'), ('ğŸ”µ',), ('ğŸ”µ',)]",[],"[['âœï¸', 'â¤ï¸'], ['ğŸ”µ'], ['ğŸ”µ']]","['âœï¸', 'â¤ï¸', 'ğŸ”µ', 'ğŸ”µ']","['âœï¸', 'â¤ï¸', 'ğŸ”µ']"
30,Coffee time â˜•ï¸ğŸ©@user103,20,"[('text', 4, ['Coffee', ' ', 'time', ' ']), ('emoji', 2, ['â˜•', 'ğŸ©']), ('at_mention', 1, ['@user103'])]","[('text', 4), ('emoji', 2), ('at_mention', 1)]","['text', 'emoji', 'at_mention']","[('@user103',)]","[('â˜•', 'ğŸ©')]",[],"[['â˜•', 'ğŸ©']]","['â˜•', 'ğŸ©']","['â˜•', 'ğŸ©']"
31,ğŸš¨UPDATE! ğŸš¨ It's all ğŸ’©so not happy ğŸ˜¡ğŸ¥¾ğŸ„,31,"[('emoji', 1, ['ğŸš¨']), ('text', 1, ['UPDATE']), ('punctuation', 1, ['!']), ('emoji', 1, ['ğŸš¨']), ('text', 4, [""It's"", ' ', 'all', ' ']), ('emoji', 1, ['ğŸ’©']), ('text', 6, ['so', ' ', 'not', ' ', 'happy', ' ']), ('emoji', 3, ['ğŸ˜¡', 'ğŸ¥¾', 'ğŸ„'])]","[('emoji', 1), ('text', 1), ('punctuation', 1), ('emoji', 1), ('text', 4), ('emoji', 1), ('text', 6), ('emoji', 3)]","['emoji', 'text', 'punctuation', 'emoji', 'text', 'emoji', 'text', 'emoji']",[],"[('ğŸš¨',), ('ğŸš¨',), ('ğŸ’©',), ('ğŸ˜¡', 'ğŸ¥¾', 'ğŸ„')]",[],"[['ğŸš¨'], ['ğŸš¨'], ['ğŸ’©'], ['ğŸ˜¡', 'ğŸ¥¾', 'ğŸ„']]","['ğŸš¨', 'ğŸš¨', 'ğŸ’©', 'ğŸ˜¡', 'ğŸ¥¾', 'ğŸ„']","['ğŸ„', 'ğŸ’©', 'ğŸ˜¡', 'ğŸš¨', 'ğŸ¥¾']"
32,@user40 @user41 @user42 @user43 @user44 Today!ğŸ‘‡ğŸ‘‡ğŸ‘‡,66,"[('at_mention', 5, ['@user40', '@user41', '@user42', '@user43', '@user44']), ('text', 1, ['Today']), ('punctuation', 1, ['!']), ('emoji', 3, ['ğŸ‘‡', 'ğŸ‘‡', 'ğŸ‘‡'])]","[('at_mention', 5), ('text', 1), ('punctuation', 1), ('emoji', 3)]","['at_mention', 'text', 'punctuation', 'emoji']","[('@user40', '@user41', '@user42', '@user43', '@user44')]","[('ğŸ‘‡', 'ğŸ‘‡', 'ğŸ‘‡')]",[],"[['ğŸ‘‡', 'ğŸ‘‡', 'ğŸ‘‡']]","['ğŸ‘‡', 'ğŸ‘‡', 'ğŸ‘‡']",['ğŸ‘‡']
33,We love to celebrate at Rossi! ğŸ»ğŸ¥‚ğŸ‰,74,"[('text', 11, ['We', ' ', 'love', ' ', 'to', ' ', 'celebrate', ' ', 'at', ' ', 'Rossi']), ('punctuation', 1, ['!']), ('emoji', 3, ['ğŸ»', 'ğŸ¥‚', 'ğŸ‰'])]","[('text', 11), ('punctuation', 1), ('emoji', 3)]","['text', 'punctuation', 'emoji']",[],"[('ğŸ»', 'ğŸ¥‚', 'ğŸ‰')]",[],"[['ğŸ»', 'ğŸ¥‚', 'ğŸ‰']]","['ğŸ»', 'ğŸ¥‚', 'ğŸ‰']","['ğŸ»', 'ğŸ‰', 'ğŸ¥‚']"
34,ğŸŒ… Good morning beautiful. Time to rise and shine and get stuff done.,91,"[('emoji', 1, ['ğŸŒ…']), ('text', 5, ['Good', ' ', 'morning', ' ', 'beautiful']), ('punctuation', 1, ['. ']), ('text', 17, ['Time', ' ', 'to', ' ', 'rise', ' ', 'and', ' ', 'shine', ' ', 'and', ' ', 'get', ' ', 'stuff', ' ', 'done.'])]","[('emoji', 1), ('text', 5), ('punctuation', 1), ('text', 17)]","['emoji', 'text', 'punctuation', 'text']",[],"[('ğŸŒ…',)]",[],[['ğŸŒ…']],['ğŸŒ…'],['ğŸŒ…']
35,there you have it ğŸ’¨ğŸ’¨ just like that ğŸ¤”ğŸ¤”ğŸ¤”,7,"[('text', 8, ['there', ' ', 'you', ' ', 'have', ' ', 'it', ' ']), ('emoji', 2, ['ğŸ’¨', 'ğŸ’¨']), ('text', 6, ['just', ' ', 'like', ' ', 'that', ' ']), ('emoji', 3, ['ğŸ¤”', 'ğŸ¤”', 'ğŸ¤”'])]","[('text', 8), ('emoji', 2), ('text', 6), ('emoji', 3)]","['text', 'emoji', 'text', 'emoji']",[],"[('ğŸ’¨', 'ğŸ’¨'), ('ğŸ¤”', 'ğŸ¤”', 'ğŸ¤”')]",[],"[['ğŸ’¨', 'ğŸ’¨'], ['ğŸ¤”', 'ğŸ¤”', 'ğŸ¤”']]","['ğŸ’¨', 'ğŸ’¨', 'ğŸ¤”', 'ğŸ¤”', 'ğŸ¤”']","['ğŸ’¨', 'ğŸ¤”']"
36,RT @user85 ğŸ‘‰ğŸ»ğŸ‘‰ğŸ»news report. This just in â€¦.. wins in this district!,6,"[('RT', 1, ['RT']), ('at_mention', 1, ['@user85']), ('emoji', 2, ['ğŸ‘‰ğŸ»', 'ğŸ‘‰ğŸ»']), ('text', 3, ['news', ' ', 'report']), ('punctuation', 1, ['. ']), ('text', 7, ['This', ' ', 'just', ' ', 'in', ' ', 'â€¦.']), ('punctuation', 1, ['. ']), ('text', 7, ['wins', ' ', 'in', ' ', 'this', ' ', 'district']), ('punctuation', 1, ['!'])]","[('RT', 1), ('at_mention', 1), ('emoji', 2), ('text', 3), ('punctuation', 1), ('text', 7), ('punctuation', 1), ('text', 7), ('punctuation', 1)]","['RT', 'at_mention', 'emoji', 'text', 'punctuation', 'text', 'punctuation', 'text', 'punctuation']","[('@user85',)]","[('ğŸ‘‰ğŸ»', 'ğŸ‘‰ğŸ»')]",[],"[['ğŸ‘‰ğŸ»', 'ğŸ‘‰ğŸ»']]","['ğŸ‘‰ğŸ»', 'ğŸ‘‰ğŸ»']",['ğŸ‘‰ğŸ»']
37,ğŸ§¡ğŸ’™Let's go panthers!ğŸ’™ğŸ§¡,1,"[('emoji', 2, ['ğŸ§¡', 'ğŸ’™']), ('text', 5, [""Let's"", ' ', 'go', ' ', 'panthers']), ('punctuation', 1, ['!']), ('emoji', 2, ['ğŸ’™', 'ğŸ§¡'])]","[('emoji', 2), ('text', 5), ('punctuation', 1), ('emoji', 2)]","['emoji', 'text', 'punctuation', 'emoji']",[],"[('ğŸ§¡', 'ğŸ’™'), ('ğŸ’™', 'ğŸ§¡')]",[],"[['ğŸ§¡', 'ğŸ’™'], ['ğŸ’™', 'ğŸ§¡']]","['ğŸ§¡', 'ğŸ’™', 'ğŸ’™', 'ğŸ§¡']","['ğŸ’™', 'ğŸ§¡']"
38,Lunch time ğŸ˜‹,7,"[('text', 4, ['Lunch', ' ', 'time', ' ']), ('emoji', 1, ['ğŸ˜‹'])]","[('text', 4), ('emoji', 1)]","['text', 'emoji']",[],"[('ğŸ˜‹',)]",[],[['ğŸ˜‹']],['ğŸ˜‹'],['ğŸ˜‹']
39,RT @user85 WAKE up people,2,"[('RT', 1, ['RT']), ('at_mention', 1, ['@user85']), ('text', 5, ['WAKE', ' ', 'up', ' ', 'people'])]","[('RT', 1), ('at_mention', 1), ('text', 5)]","['RT', 'at_mention', 'text']","[('@user85',)]",[],[],[],[],[]
40,new day,3,"[('text', 3, ['new', ' ', 'day'])]","[('text', 3)]",['text'],[],[],[],[],[],[]
41,Yay let go out!!! ğŸ‘   ğŸ‘ ,74,"[('text', 7, ['Yay', ' ', 'let', ' ', 'go', ' ', 'out']), ('punctuation', 3, ['!', '!', '!']), ('emoji', 2, ['ğŸ‘ ', 'ğŸ‘ '])]","[('text', 7), ('punctuation', 3), ('emoji', 2)]","['text', 'punctuation', 'emoji']",[],"[('ğŸ‘ ', 'ğŸ‘ ')]",[],"[['ğŸ‘ ', 'ğŸ‘ ']]","['ğŸ‘ ', 'ğŸ‘ ']",['ğŸ‘ ']
42,news flash!  http://www.url.com,6,"[('text', 3, ['news', ' ', 'flash']), ('punctuation', 1, ['!']), ('url', 1, ['http://www.url.com'])]","[('text', 3), ('punctuation', 1), ('url', 1)]","['text', 'punctuation', 'url']",[],[],"[('http://www.url.com',)]",[],[],[]
43,Panthers win! 'Bout time!,7,"[('text', 3, ['Panthers', ' ', 'win']), ('punctuation', 1, ['!']), ('text', 3, [""'Bout"", ' ', 'time']), ('punctuation', 1, ['!'])]","[('text', 3), ('punctuation', 1), ('text', 3), ('punctuation', 1)]","['text', 'punctuation', 'text', 'punctuation']",[],[],[],[],[],[]
44,ğŸ’¥Breaking news!ğŸ’¥ today this is the latest update,11,"[('emoji', 1, ['ğŸ’¥']), ('text', 3, ['Breaking', ' ', 'news']), ('punctuation', 1, ['!']), ('emoji', 1, ['ğŸ’¥']), ('text', 11, ['today', ' ', 'this', ' ', 'is', ' ', 'the', ' ', 'latest', ' ', 'update'])]","[('emoji', 1), ('text', 3), ('punctuation', 1), ('emoji', 1), ('text', 11)]","['emoji', 'text', 'punctuation', 'emoji', 'text']",[],"[('ğŸ’¥',), ('ğŸ’¥',)]",[],"[['ğŸ’¥'], ['ğŸ’¥']]","['ğŸ’¥', 'ğŸ’¥']",['ğŸ’¥']
45,@user61 ğŸ‘©ğŸ½â€ğŸ’»ğŸ¿ğŸ‘€ seeing this now?,13,"[('at_mention', 1, ['@user61']), ('emoji', 3, ['ğŸ‘©ğŸ½\u200dğŸ’»', 'ğŸ¿', 'ğŸ‘€']), ('text', 5, ['seeing', ' ', 'this', ' ', 'now']), ('punctuation', 1, ['?'])]","[('at_mention', 1), ('emoji', 3), ('text', 5), ('punctuation', 1)]","['at_mention', 'emoji', 'text', 'punctuation']","[('@user61',)]","[('ğŸ‘©ğŸ½\u200dğŸ’»', 'ğŸ¿', 'ğŸ‘€')]",[],"[['ğŸ‘©ğŸ½\u200dğŸ’»', 'ğŸ¿', 'ğŸ‘€']]","['ğŸ‘©ğŸ½\u200dğŸ’»', 'ğŸ¿', 'ğŸ‘€']","['ğŸ¿', 'ğŸ‘€', 'ğŸ‘©ğŸ½\u200dğŸ’»']"
46,RT @user13 ğŸ˜ğŸ¤©ğŸ˜ Oh MY !!   soooooooooo EXCITING ğŸ¤ª,16,"[('RT', 1, ['RT']), ('at_mention', 1, ['@user13']), ('emoji', 3, ['ğŸ˜', 'ğŸ¤©', 'ğŸ˜']), ('text', 4, ['Oh', ' ', 'MY', ' ']), ('punctuation', 2, ['!', '!']), ('text', 4, ['soooooooooo', ' ', 'EXCITING', ' ']), ('emoji', 1, ['ğŸ¤ª'])]","[('RT', 1), ('at_mention', 1), ('emoji', 3), ('text', 4), ('punctuation', 2), ('text', 4), ('emoji', 1)]","['RT', 'at_mention', 'emoji', 'text', 'punctuation', 'text', 'emoji']","[('@user13',)]","[('ğŸ˜', 'ğŸ¤©', 'ğŸ˜'), ('ğŸ¤ª',)]",[],"[['ğŸ˜', 'ğŸ¤©', 'ğŸ˜'], ['ğŸ¤ª']]","['ğŸ˜', 'ğŸ¤©', 'ğŸ˜', 'ğŸ¤ª']","['ğŸ˜', 'ğŸ¤©', 'ğŸ¤ª']"
47,RT @user9 My man bought me ğŸŒ¹ğŸŒ¹ğŸŒ¹ğŸŒ¹ for each of my boys.,89,"[('RT', 1, ['RT']), ('at_mention', 1, ['@user9']), ('text', 8, ['My', ' ', 'man', ' ', 'bought', ' ', 'me', ' ']), ('emoji', 4, ['ğŸŒ¹', 'ğŸŒ¹', 'ğŸŒ¹', 'ğŸŒ¹']), ('text', 9, ['for', ' ', 'each', ' ', 'of', ' ', 'my', ' ', 'boys.'])]","[('RT', 1), ('at_mention', 1), ('text', 8), ('emoji', 4), ('text', 9)]","['RT', 'at_mention', 'text', 'emoji', 'text']","[('@user9',)]","[('ğŸŒ¹', 'ğŸŒ¹', 'ğŸŒ¹', 'ğŸŒ¹')]",[],"[['ğŸŒ¹', 'ğŸŒ¹', 'ğŸŒ¹', 'ğŸŒ¹']]","['ğŸŒ¹', 'ğŸŒ¹', 'ğŸŒ¹', 'ğŸŒ¹']",['ğŸŒ¹']
48,Awhhhhhh I hate studying ğŸ˜”ğŸ“šğŸ‘ğŸ»,20,"[('text', 8, ['Awhhhhhh', ' ', 'I', ' ', 'hate', ' ', 'studying', ' ']), ('emoji', 3, ['ğŸ˜”', 'ğŸ“š', 'ğŸ‘ğŸ»'])]","[('text', 8), ('emoji', 3)]","['text', 'emoji']",[],"[('ğŸ˜”', 'ğŸ“š', 'ğŸ‘ğŸ»')]",[],"[['ğŸ˜”', 'ğŸ“š', 'ğŸ‘ğŸ»']]","['ğŸ˜”', 'ğŸ“š', 'ğŸ‘ğŸ»']","['ğŸ‘ğŸ»', 'ğŸ“š', 'ğŸ˜”']"
49,Omg! ğŸ˜‚,74,"[('text', 1, ['Omg']), ('punctuation', 1, ['!']), ('emoji', 1, ['ğŸ˜‚'])]","[('text', 1), ('punctuation', 1), ('emoji', 1)]","['text', 'punctuation', 'emoji']",[],"[('ğŸ˜‚',)]",[],[['ğŸ˜‚']],['ğŸ˜‚'],['ğŸ˜‚']
50,This just in. Check this link ğŸ‘‰https://www.url.com,31,"[('text', 5, ['This', ' ', 'just', ' ', 'in']), ('punctuation', 1, ['. ']), ('text', 6, ['Check', ' ', 'this', ' ', 'link', ' ']), ('emoji', 1, ['ğŸ‘‰']), ('url', 1, ['https://www.url.com'])]","[('text', 5), ('punctuation', 1), ('text', 6), ('emoji', 1), ('url', 1)]","['text', 'punctuation', 'text', 'emoji', 'url']",[],"[('ğŸ‘‰',)]","[('https://www.url.com',)]",[['ğŸ‘‰']],['ğŸ‘‰'],['ğŸ‘‰']
51,Black dog music ğŸ¶  best beats in town @user123 http://www.url.com,34,"[('text', 6, ['Black', ' ', 'dog', ' ', 'music', ' ']), ('emoji', 1, ['ğŸ¶']), ('text', 8, ['best', ' ', 'beats', ' ', 'in', ' ', 'town', ' ']), ('at_mention', 1, ['@user123']), ('url', 1, ['http://www.url.com'])]","[('text', 6), ('emoji', 1), ('text', 8), ('at_mention', 1), ('url', 1)]","['text', 'emoji', 'text', 'at_mention', 'url']","[('@user123',)]","[('ğŸ¶',)]","[('http://www.url.com',)]",[['ğŸ¶']],['ğŸ¶'],['ğŸ¶']
52,ğŸ”ğŸ“¡ğŸ”Š Attention!  ğŸ”Šyou did it.,43,"[('emoji', 3, ['ğŸ”', 'ğŸ“¡', 'ğŸ”Š']), ('text', 1, ['Attention']), ('punctuation', 1, ['!']), ('emoji', 1, ['ğŸ”Š']), ('text', 5, ['you', ' ', 'did', ' ', 'it.'])]","[('emoji', 3), ('text', 1), ('punctuation', 1), ('emoji', 1), ('text', 5)]","['emoji', 'text', 'punctuation', 'emoji', 'text']",[],"[('ğŸ”', 'ğŸ“¡', 'ğŸ”Š'), ('ğŸ”Š',)]",[],"[['ğŸ”', 'ğŸ“¡', 'ğŸ”Š'], ['ğŸ”Š']]","['ğŸ”', 'ğŸ“¡', 'ğŸ”Š', 'ğŸ”Š']","['ğŸ“¡', 'ğŸ”', 'ğŸ”Š']"
53,RT @user9 OMG is that for real ğŸ¤­ğŸ¤­ğŸ¤­ you have to be tough,89,"[('RT', 1, ['RT']), ('at_mention', 1, ['@user9']), ('text', 10, ['OMG', ' ', 'is', ' ', 'that', ' ', 'for', ' ', 'real', ' ']), ('emoji', 3, ['ğŸ¤­', 'ğŸ¤­', 'ğŸ¤­']), ('text', 9, ['you', ' ', 'have', ' ', 'to', ' ', 'be', ' ', 'tough'])]","[('RT', 1), ('at_mention', 1), ('text', 10), ('emoji', 3), ('text', 9)]","['RT', 'at_mention', 'text', 'emoji', 'text']","[('@user9',)]","[('ğŸ¤­', 'ğŸ¤­', 'ğŸ¤­')]",[],"[['ğŸ¤­', 'ğŸ¤­', 'ğŸ¤­']]","['ğŸ¤­', 'ğŸ¤­', 'ğŸ¤­']",['ğŸ¤­']
54,Vacation time! âœˆï¸ğŸ–ğŸğŸŠâ€â™€ï¸ ğŸŒğŸŒ,74,"[('text', 3, ['Vacation', ' ', 'time']), ('punctuation', 1, ['!']), ('emoji', 6, ['âœˆï¸', 'ğŸ–ï¸', 'ğŸï¸', 'ğŸŠ\u200dâ™€ï¸', 'ğŸŒ', 'ğŸŒ'])]","[('text', 3), ('punctuation', 1), ('emoji', 6)]","['text', 'punctuation', 'emoji']",[],"[('âœˆï¸', 'ğŸ–ï¸', 'ğŸï¸', 'ğŸŠ\u200dâ™€ï¸', 'ğŸŒ', 'ğŸŒ')]",[],"[['âœˆï¸', 'ğŸ–ï¸', 'ğŸï¸', 'ğŸŠ\u200dâ™€ï¸', 'ğŸŒ', 'ğŸŒ']]","['âœˆï¸', 'ğŸ–ï¸', 'ğŸï¸', 'ğŸŠ\u200dâ™€ï¸', 'ğŸŒ', 'ğŸŒ']","['âœˆï¸', 'ğŸŒ', 'ğŸŠ\u200dâ™€ï¸', 'ğŸ–ï¸', 'ğŸï¸']"
55,Done with my exams ğŸ’¯ ,76,"[('text', 8, ['Done', ' ', 'with', ' ', 'my', ' ', 'exams', ' ']), ('emoji', 1, ['ğŸ’¯'])]","[('text', 8), ('emoji', 1)]","['text', 'emoji']",[],"[('ğŸ’¯',)]",[],[['ğŸ’¯']],['ğŸ’¯'],['ğŸ’¯']
56,My daughter is amazing ğŸ˜˜ @user2,92,"[('text', 8, ['My', ' ', 'daughter', ' ', 'is', ' ', 'amazing', ' ']), ('emoji', 1, ['ğŸ˜˜']), ('at_mention', 1, ['@user2'])]","[('text', 8), ('emoji', 1), ('at_mention', 1)]","['text', 'emoji', 'at_mention']","[('@user2',)]","[('ğŸ˜˜',)]",[],[['ğŸ˜˜']],['ğŸ˜˜'],['ğŸ˜˜']
57,thank you! ğŸ˜ğŸ˜ @user56,8,"[('text', 3, ['thank', ' ', 'you']), ('punctuation', 1, ['!']), ('emoji', 2, ['ğŸ˜', 'ğŸ˜']), ('at_mention', 1, ['@user56'])]","[('text', 3), ('punctuation', 1), ('emoji', 2), ('at_mention', 1)]","['text', 'punctuation', 'emoji', 'at_mention']","[('@user56',)]","[('ğŸ˜', 'ğŸ˜')]",[],"[['ğŸ˜', 'ğŸ˜']]","['ğŸ˜', 'ğŸ˜']",['ğŸ˜']
58,RT @user85 That bus better be filled with supportes ğŸ˜†  ğŸ‡ºğŸ‡¸vote today   ğŸ‡ºğŸ‡¸ â¬‡ï¸  @user34,7,"[('RT', 1, ['RT']), ('at_mention', 1, ['@user85']), ('text', 14, ['That', ' ', 'bus', ' ', 'better', ' ', 'be', ' ', 'filled', ' ', 'with', ' ', 'supportes', ' ']), ('emoji', 2, ['ğŸ˜†', 'ğŸ‡ºğŸ‡¸']), ('text', 6, ['vote', ' ', 'today', ' ', ' ', ' ']), ('emoji', 2, ['ğŸ‡ºğŸ‡¸', 'â¬‡ï¸']), ('at_mention', 1, ['@user34'])]","[('RT', 1), ('at_mention', 1), ('text', 14), ('emoji', 2), ('text', 6), ('emoji', 2), ('at_mention', 1)]","['RT', 'at_mention', 'text', 'emoji', 'text', 'emoji', 'at_mention']","[('@user85',), ('@user34',)]","[('ğŸ˜†', 'ğŸ‡ºğŸ‡¸'), ('ğŸ‡ºğŸ‡¸', 'â¬‡ï¸')]",[],"[['ğŸ˜†', 'ğŸ‡ºğŸ‡¸'], ['ğŸ‡ºğŸ‡¸', 'â¬‡ï¸']]","['ğŸ˜†', 'ğŸ‡ºğŸ‡¸', 'ğŸ‡ºğŸ‡¸', 'â¬‡ï¸']","['â¬‡ï¸', 'ğŸ‡ºğŸ‡¸', 'ğŸ˜†']"
59,Spring flowers ğŸ’ğŸŒ·ğŸŒ¸ğŸŒ¹ğŸŒ»,24,"[('text', 4, ['Spring', ' ', 'flowers', ' ']), ('emoji', 5, ['ğŸ’', 'ğŸŒ·', 'ğŸŒ¸', 'ğŸŒ¹', 'ğŸŒ»'])]","[('text', 4), ('emoji', 5)]","['text', 'emoji']",[],"[('ğŸ’', 'ğŸŒ·', 'ğŸŒ¸', 'ğŸŒ¹', 'ğŸŒ»')]",[],"[['ğŸ’', 'ğŸŒ·', 'ğŸŒ¸', 'ğŸŒ¹', 'ğŸŒ»']]","['ğŸ’', 'ğŸŒ·', 'ğŸŒ¸', 'ğŸŒ¹', 'ğŸŒ»']","['ğŸŒ·', 'ğŸŒ¸', 'ğŸŒ¹', 'ğŸŒ»', 'ğŸ’']"
60,Click here  ğŸ‘‰https://www.url.com,88,"[('text', 5, ['Click', ' ', 'here', ' ', ' ']), ('emoji', 1, ['ğŸ‘‰']), ('url', 1, ['https://www.url.com'])]","[('text', 5), ('emoji', 1), ('url', 1)]","['text', 'emoji', 'url']",[],"[('ğŸ‘‰',)]","[('https://www.url.com',)]",[['ğŸ‘‰']],['ğŸ‘‰'],['ğŸ‘‰']
61,BS!!!! ğŸ¤¬ğŸ¤¬ğŸ¤¬,74,"[('text', 1, ['BS']), ('punctuation', 4, ['!', '!', '!', '!']), ('emoji', 3, ['ğŸ¤¬', 'ğŸ¤¬', 'ğŸ¤¬'])]","[('text', 1), ('punctuation', 4), ('emoji', 3)]","['text', 'punctuation', 'emoji']",[],"[('ğŸ¤¬', 'ğŸ¤¬', 'ğŸ¤¬')]",[],"[['ğŸ¤¬', 'ğŸ¤¬', 'ğŸ¤¬']]","['ğŸ¤¬', 'ğŸ¤¬', 'ğŸ¤¬']",['ğŸ¤¬']
62,ğŸ¤£,1,"[('emoji', 1, ['ğŸ¤£'])]","[('emoji', 1)]",['emoji'],[],"[('ğŸ¤£',)]",[],[['ğŸ¤£']],['ğŸ¤£'],['ğŸ¤£']
63,Too many to count for today. What a great turn out. @user92 Thank you everyone. #hashtag https://www.url.com,2,"[('text', 11, ['Too', ' ', 'many', ' ', 'to', ' ', 'count', ' ', 'for', ' ', 'today']), ('punctuation', 1, ['. ']), ('text', 9, ['What', ' ', 'a', ' ', 'great', ' ', 'turn', ' ', 'out']), ('punctuation', 1, ['. ']), ('at_mention', 1, ['@user92']), ('text', 5, ['Thank', ' ', 'you', ' ', 'everyone']), ('punctuation', 1, ['. ']), ('hashtag', 1, ['#hashtag']), ('url', 1, ['https://www.url.com'])]","[('text', 11), ('punctuation', 1), ('text', 9), ('punctuation', 1), ('at_mention', 1), ('text', 5), ('punctuation', 1), ('hashtag', 1), ('url', 1)]","['text', 'punctuation', 'text', 'punctuation', 'at_mention', 'text', 'punctuation', 'hashtag', 'url']","[('@user92',)]",[],"[('https://www.url.com',)]",[],[],[]
64,All across the board  â˜‘ï¸   No exceptions!!!    ğŸ™Œ,3,"[('text', 9, ['All', ' ', 'across', ' ', 'the', ' ', 'board', ' ', ' ']), ('emoji', 1, ['â˜‘ï¸']), ('text', 3, ['No', ' ', 'exceptions']), ('punctuation', 3, ['!', '!', '!']), ('emoji', 1, ['ğŸ™Œ'])]","[('text', 9), ('emoji', 1), ('text', 3), ('punctuation', 3), ('emoji', 1)]","['text', 'emoji', 'text', 'punctuation', 'emoji']",[],"[('â˜‘ï¸',), ('ğŸ™Œ',)]",[],"[['â˜‘ï¸'], ['ğŸ™Œ']]","['â˜‘ï¸', 'ğŸ™Œ']","['â˜‘ï¸', 'ğŸ™Œ']"
65,SCORE! ğŸ‘ğŸ¼,5,"[('text', 1, ['SCORE']), ('punctuation', 1, ['!']), ('emoji', 1, ['ğŸ‘ğŸ¼'])]","[('text', 1), ('punctuation', 1), ('emoji', 1)]","['text', 'punctuation', 'emoji']",[],"[('ğŸ‘ğŸ¼',)]",[],[['ğŸ‘ğŸ¼']],['ğŸ‘ğŸ¼'],['ğŸ‘ğŸ¼']
66,RT @user85 Please do your part and vote today. Vote Blue or Red,6,"[('RT', 1, ['RT']), ('at_mention', 1, ['@user85']), ('text', 13, ['Please', ' ', 'do', ' ', 'your', ' ', 'part', ' ', 'and', ' ', 'vote', ' ', 'today']), ('punctuation', 1, ['. ']), ('text', 7, ['Vote', ' ', 'Blue', ' ', 'or', ' ', 'Red'])]","[('RT', 1), ('at_mention', 1), ('text', 13), ('punctuation', 1), ('text', 7)]","['RT', 'at_mention', 'text', 'punctuation', 'text']","[('@user85',)]",[],[],[],[],[]
67,Whatcha doin today @user78,7,"[('text', 6, ['Whatcha', ' ', 'doin', ' ', 'today', ' ']), ('at_mention', 1, ['@user78'])]","[('text', 6), ('at_mention', 1)]","['text', 'at_mention']","[('@user78',)]",[],[],[],[],[]
68,So done with this rain. Bring out the sun.,9,"[('text', 9, ['So', ' ', 'done', ' ', 'with', ' ', 'this', ' ', 'rain']), ('punctuation', 1, ['. ']), ('text', 7, ['Bring', ' ', 'out', ' ', 'the', ' ', 'sun.'])]","[('text', 9), ('punctuation', 1), ('text', 7)]","['text', 'punctuation', 'text']",[],[],[],[],[],[]
69,RT @user85 ğŸš¨IMPORTANT! ğŸš¨ Go Vote! Today.,11,"[('RT', 1, ['RT']), ('at_mention', 1, ['@user85']), ('emoji', 1, ['ğŸš¨']), ('text', 1, ['IMPORTANT']), ('punctuation', 1, ['!']), ('emoji', 1, ['ğŸš¨']), ('text', 3, ['Go', ' ', 'Vote']), ('punctuation', 1, ['!']), ('text', 1, ['Today.'])]","[('RT', 1), ('at_mention', 1), ('emoji', 1), ('text', 1), ('punctuation', 1), ('emoji', 1), ('text', 3), ('punctuation', 1), ('text', 1)]","['RT', 'at_mention', 'emoji', 'text', 'punctuation', 'emoji', 'text', 'punctuation', 'text']","[('@user85',)]","[('ğŸš¨',), ('ğŸš¨',)]",[],"[['ğŸš¨'], ['ğŸš¨']]","['ğŸš¨', 'ğŸš¨']",['ğŸš¨']
70,Thinking of you mom on this special Mother's day. â¤ï¸ğŸ¥°ğŸ˜˜@user67,13,"[('text', 17, ['Thinking', ' ', 'of', ' ', 'you', ' ', 'mom', ' ', 'on', ' ', 'this', ' ', 'special', ' ', ""Mother's"", ' ', 'day']), ('punctuation', 1, ['. ']), ('emoji', 3, ['â¤ï¸', 'ğŸ¥°', 'ğŸ˜˜']), ('at_mention', 1, ['@user67'])]","[('text', 17), ('punctuation', 1), ('emoji', 3), ('at_mention', 1)]","['text', 'punctuation', 'emoji', 'at_mention']","[('@user67',)]","[('â¤ï¸', 'ğŸ¥°', 'ğŸ˜˜')]",[],"[['â¤ï¸', 'ğŸ¥°', 'ğŸ˜˜']]","['â¤ï¸', 'ğŸ¥°', 'ğŸ˜˜']","['â¤ï¸', 'ğŸ˜˜', 'ğŸ¥°']"
71,Love the cupcakes at this bakery. @user121 Thank you Shula's ğŸ‰ğŸ§,16,"[('text', 11, ['Love', ' ', 'the', ' ', 'cupcakes', ' ', 'at', ' ', 'this', ' ', 'bakery']), ('punctuation', 1, ['. ']), ('at_mention', 1, ['@user121']), ('text', 6, ['Thank', ' ', 'you', ' ', ""Shula's"", ' ']), ('emoji', 2, ['ğŸ‰', 'ğŸ§'])]","[('text', 11), ('punctuation', 1), ('at_mention', 1), ('text', 6), ('emoji', 2)]","['text', 'punctuation', 'at_mention', 'text', 'emoji']","[('@user121',)]","[('ğŸ‰', 'ğŸ§')]",[],"[['ğŸ‰', 'ğŸ§']]","['ğŸ‰', 'ğŸ§']","['ğŸ‰', 'ğŸ§']"
72,RT @user 97 ğŸ”µ Blue votes count  ğŸ‘‰ğŸ½ğŸ‘‰ğŸ¾ğŸ—³,18,"[('RT', 1, ['RT']), ('at_mention', 1, ['@user']), ('text', 2, ['97', ' ']), ('emoji', 1, ['ğŸ”µ']), ('text', 7, ['Blue', ' ', 'votes', ' ', 'count', ' ', ' ']), ('emoji', 3, ['ğŸ‘‰ğŸ½', 'ğŸ‘‰ğŸ¾', 'ğŸ—³ï¸'])]","[('RT', 1), ('at_mention', 1), ('text', 2), ('emoji', 1), ('text', 7), ('emoji', 3)]","['RT', 'at_mention', 'text', 'emoji', 'text', 'emoji']","[('@user',)]","[('ğŸ”µ',), ('ğŸ‘‰ğŸ½', 'ğŸ‘‰ğŸ¾', 'ğŸ—³ï¸')]",[],"[['ğŸ”µ'], ['ğŸ‘‰ğŸ½', 'ğŸ‘‰ğŸ¾', 'ğŸ—³ï¸']]","['ğŸ”µ', 'ğŸ‘‰ğŸ½', 'ğŸ‘‰ğŸ¾', 'ğŸ—³ï¸']","['ğŸ‘‰ğŸ½', 'ğŸ‘‰ğŸ¾', 'ğŸ”µ', 'ğŸ—³ï¸']"
73,ğŸ¤£no way,20,"[('emoji', 1, ['ğŸ¤£']), ('text', 3, ['no', ' ', 'way'])]","[('emoji', 1), ('text', 3)]","['emoji', 'text']",[],"[('ğŸ¤£',)]",[],[['ğŸ¤£']],['ğŸ¤£'],['ğŸ¤£']
74,First snow flakes of the year â„ï¸â˜ƒï¸ https://www.url.com,24,"[('text', 12, ['First', ' ', 'snow', ' ', 'flakes', ' ', 'of', ' ', 'the', ' ', 'year', ' ']), ('emoji', 2, ['â„ï¸', 'â˜ƒï¸']), ('url', 1, ['https://www.url.com'])]","[('text', 12), ('emoji', 2), ('url', 1)]","['text', 'emoji', 'url']",[],"[('â„ï¸', 'â˜ƒï¸')]","[('https://www.url.com',)]","[['â„ï¸', 'â˜ƒï¸']]","['â„ï¸', 'â˜ƒï¸']","['â˜ƒï¸', 'â„ï¸']"
75,ğŸ”·Go Blue! âš¾ï¸ğŸ”·ğŸ”¶,74,"[('emoji', 1, ['ğŸ”·']), ('text', 3, ['Go', ' ', 'Blue']), ('punctuation', 1, ['!']), ('emoji', 3, ['âš¾', 'ğŸ”·', 'ğŸ”¶'])]","[('emoji', 1), ('text', 3), ('punctuation', 1), ('emoji', 3)]","['emoji', 'text', 'punctuation', 'emoji']",[],"[('ğŸ”·',), ('âš¾', 'ğŸ”·', 'ğŸ”¶')]",[],"[['ğŸ”·'], ['âš¾', 'ğŸ”·', 'ğŸ”¶']]","['ğŸ”·', 'âš¾', 'ğŸ”·', 'ğŸ”¶']","['âš¾', 'ğŸ”¶', 'ğŸ”·']"
76,Music list  âœ… swift record âœ… mars single âœ… grande white diamond âœ… west tunes,34,"[('text', 5, ['Music', ' ', 'list', ' ', ' ']), ('emoji', 1, ['âœ…']), ('text', 4, ['swift', ' ', 'record', ' ']), ('emoji', 1, ['âœ…']), ('text', 4, ['mars', ' ', 'single', ' ']), ('emoji', 1, ['âœ…']), ('text', 6, ['grande', ' ', 'white', ' ', 'diamond', ' ']), ('emoji', 1, ['âœ…']), ('text', 3, ['west', ' ', 'tunes'])]","[('text', 5), ('emoji', 1), ('text', 4), ('emoji', 1), ('text', 4), ('emoji', 1), ('text', 6), ('emoji', 1), ('text', 3)]","['text', 'emoji', 'text', 'emoji', 'text', 'emoji', 'text', 'emoji', 'text']",[],"[('âœ…',), ('âœ…',), ('âœ…',), ('âœ…',)]",[],"[['âœ…'], ['âœ…'], ['âœ…'], ['âœ…']]","['âœ…', 'âœ…', 'âœ…', 'âœ…']",['âœ…']
77,time to go,44,"[('text', 5, ['time', ' ', 'to', ' ', 'go'])]","[('text', 5)]",['text'],[],[],[],[],[],[]
78,RT @user85  ğŸ‡ºğŸ‡¸ğŸ”´ğŸ‡³ğŸ‡±ğŸ”´ğŸ‡ºğŸ‡¸TODAY YOU MUST VOTE  ğŸ”´âšªğŸ”µUSA!ğŸ”´âšªğŸ”µ,53,"[('RT', 1, ['RT']), ('at_mention', 1, ['@user85']), ('emoji', 5, ['ğŸ‡ºğŸ‡¸', 'ğŸ”´', 'ğŸ‡³ğŸ‡±', 'ğŸ”´', 'ğŸ‡ºğŸ‡¸']), ('text', 9, ['TODAY', ' ', 'YOU', ' ', 'MUST', ' ', 'VOTE', ' ', ' ']), ('emoji', 3, ['ğŸ”´', 'âšª', 'ğŸ”µ']), ('text', 1, ['USA']), ('punctuation', 1, ['!']), ('emoji', 3, ['ğŸ”´', 'âšª', 'ğŸ”µ'])]","[('RT', 1), ('at_mention', 1), ('emoji', 5), ('text', 9), ('emoji', 3), ('text', 1), ('punctuation', 1), ('emoji', 3)]","['RT', 'at_mention', 'emoji', 'text', 'emoji', 'text', 'punctuation', 'emoji']","[('@user85',)]","[('ğŸ‡ºğŸ‡¸', 'ğŸ”´', 'ğŸ‡³ğŸ‡±', 'ğŸ”´', 'ğŸ‡ºğŸ‡¸'), ('ğŸ”´', 'âšª', 'ğŸ”µ'), ('ğŸ”´', 'âšª', 'ğŸ”µ')]",[],"[['ğŸ‡ºğŸ‡¸', 'ğŸ”´', 'ğŸ‡³ğŸ‡±', 'ğŸ”´', 'ğŸ‡ºğŸ‡¸'], ['ğŸ”´', 'âšª', 'ğŸ”µ'], ['ğŸ”´', 'âšª', 'ğŸ”µ']]","['ğŸ‡ºğŸ‡¸', 'ğŸ”´', 'ğŸ‡³ğŸ‡±', 'ğŸ”´', 'ğŸ‡ºğŸ‡¸', 'ğŸ”´', 'âšª', 'ğŸ”µ', 'ğŸ”´', 'âšª', 'ğŸ”µ']","['âšª', 'ğŸ‡³ğŸ‡±', 'ğŸ‡ºğŸ‡¸', 'ğŸ”´', 'ğŸ”µ']"
79,ğŸ›¬ soooo much jetlag ğŸ¥´ ğŸ˜´ğŸ’¤,70,"[('emoji', 1, ['ğŸ›¬']), ('text', 6, ['soooo', ' ', 'much', ' ', 'jetlag', ' ']), ('emoji', 3, ['ğŸ¥´', 'ğŸ˜´', 'ğŸ’¤'])]","[('emoji', 1), ('text', 6), ('emoji', 3)]","['emoji', 'text', 'emoji']",[],"[('ğŸ›¬',), ('ğŸ¥´', 'ğŸ˜´', 'ğŸ’¤')]",[],"[['ğŸ›¬'], ['ğŸ¥´', 'ğŸ˜´', 'ğŸ’¤']]","['ğŸ›¬', 'ğŸ¥´', 'ğŸ˜´', 'ğŸ’¤']","['ğŸ’¤', 'ğŸ˜´', 'ğŸ›¬', 'ğŸ¥´']"
80,What a lovely day ğŸŒ,83,"[('text', 8, ['What', ' ', 'a', ' ', 'lovely', ' ', 'day', ' ']), ('emoji', 1, ['ğŸŒ'])]","[('text', 8), ('emoji', 1)]","['text', 'emoji']",[],"[('ğŸŒ',)]",[],[['ğŸŒ']],['ğŸŒ'],['ğŸŒ']
81,RT @user85 ğŸ‘‰Fake  ğŸ‘‰news  ğŸ‘‰Fakes https://www.url.com,88,"[('RT', 1, ['RT']), ('at_mention', 1, ['@user85']), ('emoji', 1, ['ğŸ‘‰']), ('text', 3, ['Fake', ' ', ' ']), ('emoji', 1, ['ğŸ‘‰']), ('text', 3, ['news', ' ', ' ']), ('emoji', 1, ['ğŸ‘‰']), ('text', 2, ['Fakes', ' ']), ('url', 1, ['https://www.url.com'])]","[('RT', 1), ('at_mention', 1), ('emoji', 1), ('text', 3), ('emoji', 1), ('text', 3), ('emoji', 1), ('text', 2), ('url', 1)]","['RT', 'at_mention', 'emoji', 'text', 'emoji', 'text', 'emoji', 'text', 'url']","[('@user85',)]","[('ğŸ‘‰',), ('ğŸ‘‰',), ('ğŸ‘‰',)]","[('https://www.url.com',)]","[['ğŸ‘‰'], ['ğŸ‘‰'], ['ğŸ‘‰']]","['ğŸ‘‰', 'ğŸ‘‰', 'ğŸ‘‰']",['ğŸ‘‰']
82,Black momma and proud.,92,"[('text', 7, ['Black', ' ', 'momma', ' ', 'and', ' ', 'proud.'])]","[('text', 7)]",['text'],[],[],[],[],[],[]
83,Let's get food ğŸ•,9,"[('text', 6, [""Let's"", ' ', 'get', ' ', 'food', ' ']), ('emoji', 1, ['ğŸ•'])]","[('text', 6), ('emoji', 1)]","['text', 'emoji']",[],"[('ğŸ•',)]",[],[['ğŸ•']],['ğŸ•'],['ğŸ•']
84,Panthers win! ğŸ”·ğŸ”¹ğŸ”¸ğŸ”¶ğŸ†ğŸ™Œ,1,"[('text', 3, ['Panthers', ' ', 'win']), ('punctuation', 1, ['!']), ('emoji', 6, ['ğŸ”·', 'ğŸ”¹', 'ğŸ”¸', 'ğŸ”¶', 'ğŸ†', 'ğŸ™Œ'])]","[('text', 3), ('punctuation', 1), ('emoji', 6)]","['text', 'punctuation', 'emoji']",[],"[('ğŸ”·', 'ğŸ”¹', 'ğŸ”¸', 'ğŸ”¶', 'ğŸ†', 'ğŸ™Œ')]",[],"[['ğŸ”·', 'ğŸ”¹', 'ğŸ”¸', 'ğŸ”¶', 'ğŸ†', 'ğŸ™Œ']]","['ğŸ”·', 'ğŸ”¹', 'ğŸ”¸', 'ğŸ”¶', 'ğŸ†', 'ğŸ™Œ']","['ğŸ†', 'ğŸ”¶', 'ğŸ”·', 'ğŸ”¸', 'ğŸ”¹', 'ğŸ™Œ']"
85,@user50 @user51 @user52 @user53 @user54 Today!ğŸ‘‡ğŸ‘‡ğŸ‘‡,3,"[('at_mention', 5, ['@user50', '@user51', '@user52', '@user53', '@user54']), ('text', 1, ['Today']), ('punctuation', 1, ['!']), ('emoji', 3, ['ğŸ‘‡', 'ğŸ‘‡', 'ğŸ‘‡'])]","[('at_mention', 5), ('text', 1), ('punctuation', 1), ('emoji', 3)]","['at_mention', 'text', 'punctuation', 'emoji']","[('@user50', '@user51', '@user52', '@user53', '@user54')]","[('ğŸ‘‡', 'ğŸ‘‡', 'ğŸ‘‡')]",[],"[['ğŸ‘‡', 'ğŸ‘‡', 'ğŸ‘‡']]","['ğŸ‘‡', 'ğŸ‘‡', 'ğŸ‘‡']",['ğŸ‘‡']
86,some days ğŸ¤·ğŸ¼â€â™€ï¸,4,"[('text', 4, ['some', ' ', 'days', ' ']), ('emoji', 1, ['ğŸ¤·ğŸ¼\u200dâ™€ï¸'])]","[('text', 4), ('emoji', 1)]","['text', 'emoji']",[],"[('ğŸ¤·ğŸ¼\u200dâ™€ï¸',)]",[],[['ğŸ¤·ğŸ¼\u200dâ™€ï¸']],['ğŸ¤·ğŸ¼\u200dâ™€ï¸'],['ğŸ¤·ğŸ¼\u200dâ™€ï¸']
87, ğŸŸ ğŸ”µGo orange and blue! ğŸŸ ğŸ”µ @user120 Panthers you can do it ğŸŸ ğŸ”µ,5,"[('emoji', 2, ['\U0001f7e0', 'ğŸ”µ']), ('text', 7, ['Go', ' ', 'orange', ' ', 'and', ' ', 'blue']), ('punctuation', 1, ['!']), ('emoji', 2, ['\U0001f7e0', 'ğŸ”µ']), ('at_mention', 1, ['@user120']), ('text', 10, ['Panthers', ' ', 'you', ' ', 'can', ' ', 'do', ' ', 'it', ' ']), ('emoji', 2, ['\U0001f7e0', 'ğŸ”µ'])]","[('emoji', 2), ('text', 7), ('punctuation', 1), ('emoji', 2), ('at_mention', 1), ('text', 10), ('emoji', 2)]","['emoji', 'text', 'punctuation', 'emoji', 'at_mention', 'text', 'emoji']","[('@user120',)]","[('\U0001f7e0', 'ğŸ”µ'), ('\U0001f7e0', 'ğŸ”µ'), ('\U0001f7e0', 'ğŸ”µ')]",[],"[['\U0001f7e0', 'ğŸ”µ'], ['\U0001f7e0', 'ğŸ”µ'], ['\U0001f7e0', 'ğŸ”µ']]","['\U0001f7e0', 'ğŸ”µ', '\U0001f7e0', 'ğŸ”µ', '\U0001f7e0', 'ğŸ”µ']","['ğŸ”µ', '\U0001f7e0']"
88,Massive landslide today at the polls! Https://www.url.com,6,"[('text', 11, ['Massive', ' ', 'landslide', ' ', 'today', ' ', 'at', ' ', 'the', ' ', 'polls']), ('punctuation', 1, ['!']), ('text', 1, ['Https://www.url.com'])]","[('text', 11), ('punctuation', 1), ('text', 1)]","['text', 'punctuation', 'text']",[],[],[],[],[],[]
89,RT @user9 what a jerkğŸ¤” gonna be weird,89,"[('RT', 1, ['RT']), ('at_mention', 1, ['@user9']), ('text', 5, ['what', ' ', 'a', ' ', 'jerk']), ('emoji', 1, ['ğŸ¤”']), ('text', 5, ['gonna', ' ', 'be', ' ', 'weird'])]","[('RT', 1), ('at_mention', 1), ('text', 5), ('emoji', 1), ('text', 5)]","['RT', 'at_mention', 'text', 'emoji', 'text']","[('@user9',)]","[('ğŸ¤”',)]",[],[['ğŸ¤”']],['ğŸ¤”'],['ğŸ¤”']
90,I agree w U @user76  â¤ but for real?,8,"[('text', 8, ['I', ' ', 'agree', ' ', 'w', ' ', 'U', ' ']), ('at_mention', 1, ['@user76']), ('emoji', 1, ['â¤ï¸']), ('text', 5, ['but', ' ', 'for', ' ', 'real']), ('punctuation', 1, ['?'])]","[('text', 8), ('at_mention', 1), ('emoji', 1), ('text', 5), ('punctuation', 1)]","['text', 'at_mention', 'emoji', 'text', 'punctuation']","[('@user76',)]","[('â¤ï¸',)]",[],[['â¤ï¸']],['â¤ï¸'],['â¤ï¸']
91,I am so excited it is completely filled.,9,"[('text', 15, ['I', ' ', 'am', ' ', 'so', ' ', 'excited', ' ', 'it', ' ', 'is', ' ', 'completely', ' ', 'filled.'])]","[('text', 15)]",['text'],[],[],[],[],[],[]
92,It's all fake! @user1 @user2 @user3,10,"[('text', 5, [""It's"", ' ', 'all', ' ', 'fake']), ('punctuation', 1, ['!']), ('at_mention', 3, ['@user1', '@user2', '@user3'])]","[('text', 5), ('punctuation', 1), ('at_mention', 3)]","['text', 'punctuation', 'at_mention']","[('@user1', '@user2', '@user3')]",[],[],[],[],[]
93,ğŸš¨TRAFFIC ALERT ğŸš¨  Highway 1014 is blocked at Moore Ln. Police are on the scene. ğŸš—ğŸš”,11,"[('emoji', 1, ['ğŸš¨']), ('text', 4, ['TRAFFIC', ' ', 'ALERT', ' ']), ('emoji', 1, ['ğŸš¨']), ('text', 13, ['Highway', ' ', '1014', ' ', 'is', ' ', 'blocked', ' ', 'at', ' ', 'Moore', ' ', 'Ln']), ('punctuation', 1, ['. ']), ('text', 9, ['Police', ' ', 'are', ' ', 'on', ' ', 'the', ' ', 'scene']), ('punctuation', 1, ['. ']), ('emoji', 2, ['ğŸš—', 'ğŸš”'])]","[('emoji', 1), ('text', 4), ('emoji', 1), ('text', 13), ('punctuation', 1), ('text', 9), ('punctuation', 1), ('emoji', 2)]","['emoji', 'text', 'emoji', 'text', 'punctuation', 'text', 'punctuation', 'emoji']",[],"[('ğŸš¨',), ('ğŸš¨',), ('ğŸš—', 'ğŸš”')]",[],"[['ğŸš¨'], ['ğŸš¨'], ['ğŸš—', 'ğŸš”']]","['ğŸš¨', 'ğŸš¨', 'ğŸš—', 'ğŸš”']","['ğŸš”', 'ğŸš—', 'ğŸš¨']"
94,All my black ladies where you at ğŸ‘©ğŸ½â€ğŸ’¼ It's time! See you soon âœï¸ @user63,13,"[('text', 14, ['All', ' ', 'my', ' ', 'black', ' ', 'ladies', ' ', 'where', ' ', 'you', ' ', 'at', ' ']), ('emoji', 1, ['ğŸ‘©ğŸ½\u200dğŸ’¼']), ('text', 3, [""It's"", ' ', 'time']), ('punctuation', 1, ['!']), ('text', 6, ['See', ' ', 'you', ' ', 'soon', ' ']), ('emoji', 1, ['âœï¸']), ('at_mention', 1, ['@user63'])]","[('text', 14), ('emoji', 1), ('text', 3), ('punctuation', 1), ('text', 6), ('emoji', 1), ('at_mention', 1)]","['text', 'emoji', 'text', 'punctuation', 'text', 'emoji', 'at_mention']","[('@user63',)]","[('ğŸ‘©ğŸ½\u200dğŸ’¼',), ('âœï¸',)]",[],"[['ğŸ‘©ğŸ½\u200dğŸ’¼'], ['âœï¸']]","['ğŸ‘©ğŸ½\u200dğŸ’¼', 'âœï¸']","['âœï¸', 'ğŸ‘©ğŸ½\u200dğŸ’¼']"
95,I love you ğŸ˜Š,16,"[('text', 6, ['I', ' ', 'love', ' ', 'you', ' ']), ('emoji', 1, ['ğŸ˜Š'])]","[('text', 6), ('emoji', 1)]","['text', 'emoji']",[],"[('ğŸ˜Š',)]",[],[['ğŸ˜Š']],['ğŸ˜Š'],['ğŸ˜Š']
96,RT @user85 You must go VOTEğŸ‘‰ğŸ¾do it @user 3 http://www.url.com,19,"[('RT', 1, ['RT']), ('at_mention', 1, ['@user85']), ('text', 7, ['You', ' ', 'must', ' ', 'go', ' ', 'VOTE']), ('emoji', 1, ['ğŸ‘‰ğŸ¾']), ('text', 4, ['do', ' ', 'it', ' ']), ('at_mention', 1, ['@user']), ('text', 2, ['3', ' ']), ('url', 1, ['http://www.url.com'])]","[('RT', 1), ('at_mention', 1), ('text', 7), ('emoji', 1), ('text', 4), ('at_mention', 1), ('text', 2), ('url', 1)]","['RT', 'at_mention', 'text', 'emoji', 'text', 'at_mention', 'text', 'url']","[('@user85',), ('@user',)]","[('ğŸ‘‰ğŸ¾',)]","[('http://www.url.com',)]",[['ğŸ‘‰ğŸ¾']],['ğŸ‘‰ğŸ¾'],['ğŸ‘‰ğŸ¾']
97,This pub @user 105 is the best ğŸ‡¬ğŸ‡§âœŒğŸ»,24,"[('text', 4, ['This', ' ', 'pub', ' ']), ('at_mention', 1, ['@user']), ('text', 8, ['105', ' ', 'is', ' ', 'the', ' ', 'best', ' ']), ('emoji', 2, ['ğŸ‡¬ğŸ‡§', 'âœŒğŸ»'])]","[('text', 4), ('at_mention', 1), ('text', 8), ('emoji', 2)]","['text', 'at_mention', 'text', 'emoji']","[('@user',)]","[('ğŸ‡¬ğŸ‡§', 'âœŒğŸ»')]",[],"[['ğŸ‡¬ğŸ‡§', 'âœŒğŸ»']]","['ğŸ‡¬ğŸ‡§', 'âœŒğŸ»']","['âœŒğŸ»', 'ğŸ‡¬ğŸ‡§']"
98,Outta here âš¾ï¸ğŸ’«ğŸŒ,32,"[('text', 4, ['Outta', ' ', 'here', ' ']), ('emoji', 3, ['âš¾', 'ğŸ’«', 'ğŸŒ'])]","[('text', 4), ('emoji', 3)]","['text', 'emoji']",[],"[('âš¾', 'ğŸ’«', 'ğŸŒ')]",[],"[['âš¾', 'ğŸ’«', 'ğŸŒ']]","['âš¾', 'ğŸ’«', 'ğŸŒ']","['âš¾', 'ğŸŒ', 'ğŸ’«']"
99,ğŸŒ¹ğŸ’ Happy mother's day ğŸ’ğŸŒ¹,35,"[('emoji', 2, ['ğŸŒ¹', 'ğŸ’']), ('text', 6, ['Happy', ' ', ""mother's"", ' ', 'day', ' ']), ('emoji', 2, ['ğŸ’', 'ğŸŒ¹'])]","[('emoji', 2), ('text', 6), ('emoji', 2)]","['emoji', 'text', 'emoji']",[],"[('ğŸŒ¹', 'ğŸ’'), ('ğŸ’', 'ğŸŒ¹')]",[],"[['ğŸŒ¹', 'ğŸ’'], ['ğŸ’', 'ğŸŒ¹']]","['ğŸŒ¹', 'ğŸ’', 'ğŸ’', 'ğŸŒ¹']","['ğŸŒ¹', 'ğŸ’']"
100,Need I say more? @user13,52,"[('text', 7, ['Need', ' ', 'I', ' ', 'say', ' ', 'more']), ('punctuation', 1, ['?']), ('at_mention', 1, ['@user13'])]","[('text', 7), ('punctuation', 1), ('at_mention', 1)]","['text', 'punctuation', 'at_mention']","[('@user13',)]",[],[],[],[],[]
101,At the zoo today ğŸ¼http://www.url.com,7,"[('text', 8, ['At', ' ', 'the', ' ', 'zoo', ' ', 'today', ' ']), ('emoji', 1, ['ğŸ¼']), ('url', 1, ['http://www.url.com'])]","[('text', 8), ('emoji', 1), ('url', 1)]","['text', 'emoji', 'url']",[],"[('ğŸ¼',)]","[('http://www.url.com',)]",[['ğŸ¼']],['ğŸ¼'],['ğŸ¼']
102,RT @user85 ğŸ‡ºğŸ‡¸ğŸ¥°ğŸ¤—  #VoteRed,61,"[('RT', 1, ['RT']), ('at_mention', 1, ['@user85']), ('emoji', 3, ['ğŸ‡ºğŸ‡¸', 'ğŸ¥°', 'ğŸ¤—']), ('hashtag', 1, ['#VoteRed'])]","[('RT', 1), ('at_mention', 1), ('emoji', 3), ('hashtag', 1)]","['RT', 'at_mention', 'emoji', 'hashtag']","[('@user85',)]","[('ğŸ‡ºğŸ‡¸', 'ğŸ¥°', 'ğŸ¤—')]",[],"[['ğŸ‡ºğŸ‡¸', 'ğŸ¥°', 'ğŸ¤—']]","['ğŸ‡ºğŸ‡¸', 'ğŸ¥°', 'ğŸ¤—']","['ğŸ‡ºğŸ‡¸', 'ğŸ¤—', 'ğŸ¥°']"
103,Love to get snow ice at Rora's @user103  Fruit punch ğŸ§ the best ğŸ˜› http://www.url.com,71,"[('text', 14, ['Love', ' ', 'to', ' ', 'get', ' ', 'snow', ' ', 'ice', ' ', 'at', ' ', ""Rora's"", ' ']), ('at_mention', 1, ['@user103']), ('text', 4, ['Fruit', ' ', 'punch', ' ']), ('emoji', 1, ['ğŸ§']), ('text', 4, ['the', ' ', 'best', ' ']), ('emoji', 1, ['ğŸ˜›']), ('url', 1, ['http://www.url.com'])]","[('text', 14), ('at_mention', 1), ('text', 4), ('emoji', 1), ('text', 4), ('emoji', 1), ('url', 1)]","['text', 'at_mention', 'text', 'emoji', 'text', 'emoji', 'url']","[('@user103',)]","[('ğŸ§',), ('ğŸ˜›',)]","[('http://www.url.com',)]","[['ğŸ§'], ['ğŸ˜›']]","['ğŸ§', 'ğŸ˜›']","['ğŸ§', 'ğŸ˜›']"
104,So much rain ğŸŒ§ ğŸ³ï¸â€ğŸŒˆgonna be a rainbow,83,"[('text', 6, ['So', ' ', 'much', ' ', 'rain', ' ']), ('emoji', 2, ['ğŸŒ§ï¸', 'ğŸ³ï¸\u200dğŸŒˆ']), ('text', 7, ['gonna', ' ', 'be', ' ', 'a', ' ', 'rainbow'])]","[('text', 6), ('emoji', 2), ('text', 7)]","['text', 'emoji', 'text']",[],"[('ğŸŒ§ï¸', 'ğŸ³ï¸\u200dğŸŒˆ')]",[],"[['ğŸŒ§ï¸', 'ğŸ³ï¸\u200dğŸŒˆ']]","['ğŸŒ§ï¸', 'ğŸ³ï¸\u200dğŸŒˆ']","['ğŸŒ§ï¸', 'ğŸ³ï¸\u200dğŸŒˆ']"
105,And there it is folks - homerun http://www.url.com,89,"[('text', 14, ['And', ' ', 'there', ' ', 'it', ' ', 'is', ' ', 'folks', ' ', '-', ' ', 'homerun', ' ']), ('url', 1, ['http://www.url.com'])]","[('text', 14), ('url', 1)]","['text', 'url']",[],[],"[('http://www.url.com',)]",[],[],[]
106,ğŸ¸ğŸ¥ƒğŸ§ŠRossi @user102 on the rocks Happy Hour special start at 5 pm Tuesday. http://www.url.com,99,"[('emoji', 3, ['ğŸ¸', 'ğŸ¥ƒ', '\U0001f9ca']), ('text', 2, ['Rossi', ' ']), ('at_mention', 1, ['@user102']), ('text', 21, ['on', ' ', 'the', ' ', 'rocks', ' ', 'Happy', ' ', 'Hour', ' ', 'special', ' ', 'start', ' ', 'at', ' ', '5', ' ', 'pm', ' ', 'Tuesday']), ('punctuation', 1, ['. ']), ('url', 1, ['http://www.url.com'])]","[('emoji', 3), ('text', 2), ('at_mention', 1), ('text', 21), ('punctuation', 1), ('url', 1)]","['emoji', 'text', 'at_mention', 'text', 'punctuation', 'url']","[('@user102',)]","[('ğŸ¸', 'ğŸ¥ƒ', '\U0001f9ca')]","[('http://www.url.com',)]","[['ğŸ¸', 'ğŸ¥ƒ', '\U0001f9ca']]","['ğŸ¸', 'ğŸ¥ƒ', '\U0001f9ca']","['ğŸ¸', 'ğŸ¥ƒ', '\U0001f9ca']"
107,Hold on  â¬…ï¸  http://www.url.com http://www.url.com It's a repeat  â¬…ï¸  http://www.url.com,10,"[('text', 5, ['Hold', ' ', 'on', ' ', ' ']), ('emoji', 1, ['â¬…ï¸']), ('url', 2, ['http://www.url.com', 'http://www.url.com']), ('text', 7, [""It's"", ' ', 'a', ' ', 'repeat', ' ', ' ']), ('emoji', 1, ['â¬…ï¸']), ('url', 1, ['http://www.url.com'])]","[('text', 5), ('emoji', 1), ('url', 2), ('text', 7), ('emoji', 1), ('url', 1)]","['text', 'emoji', 'url', 'text', 'emoji', 'url']",[],"[('â¬…ï¸',), ('â¬…ï¸',)]","[('http://www.url.com', 'http://www.url.com'), ('http://www.url.com',)]","[['â¬…ï¸'], ['â¬…ï¸']]","['â¬…ï¸', 'â¬…ï¸']",['â¬…ï¸']
108,ğŸ˜‚ gonna be some trouble now,8,"[('emoji', 1, ['ğŸ˜‚']), ('text', 9, ['gonna', ' ', 'be', ' ', 'some', ' ', 'trouble', ' ', 'now'])]","[('emoji', 1), ('text', 9)]","['emoji', 'text']",[],"[('ğŸ˜‚',)]",[],[['ğŸ˜‚']],['ğŸ˜‚'],['ğŸ˜‚']
109,ğŸ’¥Today is the day. http://www.url.com,34,"[('emoji', 1, ['ğŸ’¥']), ('text', 7, ['Today', ' ', 'is', ' ', 'the', ' ', 'day']), ('punctuation', 1, ['. ']), ('url', 1, ['http://www.url.com'])]","[('emoji', 1), ('text', 7), ('punctuation', 1), ('url', 1)]","['emoji', 'text', 'punctuation', 'url']",[],"[('ğŸ’¥',)]","[('http://www.url.com',)]",[['ğŸ’¥']],['ğŸ’¥'],['ğŸ’¥']
110,failed my class now I can finally relax ğŸ˜,8,"[('text', 16, ['failed', ' ', 'my', ' ', 'class', ' ', 'now', ' ', 'I', ' ', 'can', ' ', 'finally', ' ', 'relax', ' ']), ('emoji', 1, ['ğŸ˜'])]","[('text', 16), ('emoji', 1)]","['text', 'emoji']",[],"[('ğŸ˜',)]",[],[['ğŸ˜']],['ğŸ˜'],['ğŸ˜']
111,Happy Mother's Day to all you moms out there ğŸ’ğŸ¤±ğŸ½ğŸ‘¶ğŸ½ğŸ‘©ğŸ½â€ğŸ‘§ğŸ½â€ğŸ‘¦ğŸ½,13,"[('text', 18, ['Happy', ' ', ""Mother's"", ' ', 'Day', ' ', 'to', ' ', 'all', ' ', 'you', ' ', 'moms', ' ', 'out', ' ', 'there', ' ']), ('emoji', 4, ['ğŸ’', 'ğŸ¤±ğŸ½', 'ğŸ‘¶ğŸ½', 'ğŸ‘©ğŸ½\u200dğŸ‘§ğŸ½\u200dğŸ‘¦ğŸ½'])]","[('text', 18), ('emoji', 4)]","['text', 'emoji']",[],"[('ğŸ’', 'ğŸ¤±ğŸ½', 'ğŸ‘¶ğŸ½', 'ğŸ‘©ğŸ½\u200dğŸ‘§ğŸ½\u200dğŸ‘¦ğŸ½')]",[],"[['ğŸ’', 'ğŸ¤±ğŸ½', 'ğŸ‘¶ğŸ½', 'ğŸ‘©ğŸ½\u200dğŸ‘§ğŸ½\u200dğŸ‘¦ğŸ½']]","['ğŸ’', 'ğŸ¤±ğŸ½', 'ğŸ‘¶ğŸ½', 'ğŸ‘©ğŸ½\u200dğŸ‘§ğŸ½\u200dğŸ‘¦ğŸ½']","['ğŸ‘©ğŸ½\u200dğŸ‘§ğŸ½\u200dğŸ‘¦ğŸ½', 'ğŸ‘¶ğŸ½', 'ğŸ’', 'ğŸ¤±ğŸ½']"
112,No more rain ğŸ˜,89,"[('text', 6, ['No', ' ', 'more', ' ', 'rain', ' ']), ('emoji', 1, ['ğŸ˜'])]","[('text', 6), ('emoji', 1)]","['text', 'emoji']",[],"[('ğŸ˜',)]",[],[['ğŸ˜']],['ğŸ˜'],['ğŸ˜']
113,RT @user89 Mi madre! â¤ï¸ Happy Mother's Day!,9,"[('RT', 1, ['RT']), ('at_mention', 1, ['@user89']), ('text', 3, ['Mi', ' ', 'madre']), ('punctuation', 1, ['!']), ('emoji', 1, ['â¤ï¸']), ('text', 5, ['Happy', ' ', ""Mother's"", ' ', 'Day']), ('punctuation', 1, ['!'])]","[('RT', 1), ('at_mention', 1), ('text', 3), ('punctuation', 1), ('emoji', 1), ('text', 5), ('punctuation', 1)]","['RT', 'at_mention', 'text', 'punctuation', 'emoji', 'text', 'punctuation']","[('@user89',)]","[('â¤ï¸',)]",[],[['â¤ï¸']],['â¤ï¸'],['â¤ï¸']
114,Thinking of all you moms today on Mother's Day.,14,"[('text', 17, ['Thinking', ' ', 'of', ' ', 'all', ' ', 'you', ' ', 'moms', ' ', 'today', ' ', 'on', ' ', ""Mother's"", ' ', 'Day.'])]","[('text', 17)]",['text'],[],[],[],[],[],[]
115,He is so crazy! Did you see that goal ğŸ¥… ğŸƒğŸ»â€â™‚ï¸,36,"[('text', 7, ['He', ' ', 'is', ' ', 'so', ' ', 'crazy']), ('punctuation', 1, ['!']), ('text', 10, ['Did', ' ', 'you', ' ', 'see', ' ', 'that', ' ', 'goal', ' ']), ('emoji', 2, ['ğŸ¥…', 'ğŸƒğŸ»\u200dâ™‚ï¸'])]","[('text', 7), ('punctuation', 1), ('text', 10), ('emoji', 2)]","['text', 'punctuation', 'text', 'emoji']",[],"[('ğŸ¥…', 'ğŸƒğŸ»\u200dâ™‚ï¸')]",[],"[['ğŸ¥…', 'ğŸƒğŸ»\u200dâ™‚ï¸']]","['ğŸ¥…', 'ğŸƒğŸ»\u200dâ™‚ï¸']","['ğŸƒğŸ»\u200dâ™‚ï¸', 'ğŸ¥…']"
116,ğŸ¤£ğŸ¤£ğŸ¤£ğŸ¤£ğŸ¤£ğŸ¤£ğŸ¤£,16,"[('emoji', 7, ['ğŸ¤£', 'ğŸ¤£', 'ğŸ¤£', 'ğŸ¤£', 'ğŸ¤£', 'ğŸ¤£', 'ğŸ¤£'])]","[('emoji', 7)]",['emoji'],[],"[('ğŸ¤£', 'ğŸ¤£', 'ğŸ¤£', 'ğŸ¤£', 'ğŸ¤£', 'ğŸ¤£', 'ğŸ¤£')]",[],"[['ğŸ¤£', 'ğŸ¤£', 'ğŸ¤£', 'ğŸ¤£', 'ğŸ¤£', 'ğŸ¤£', 'ğŸ¤£']]","['ğŸ¤£', 'ğŸ¤£', 'ğŸ¤£', 'ğŸ¤£', 'ğŸ¤£', 'ğŸ¤£', 'ğŸ¤£']",['ğŸ¤£']
117,At shore lake in the park. Another great day on the water ğŸš£â€â™‚ï¸ğŸŒŠ http://www.url.com,52,"[('text', 11, ['At', ' ', 'shore', ' ', 'lake', ' ', 'in', ' ', 'the', ' ', 'park']), ('punctuation', 1, ['. ']), ('text', 12, ['Another', ' ', 'great', ' ', 'day', ' ', 'on', ' ', 'the', ' ', 'water', ' ']), ('emoji', 2, ['ğŸš£\u200dâ™‚ï¸', 'ğŸŒŠ']), ('url', 1, ['http://www.url.com'])]","[('text', 11), ('punctuation', 1), ('text', 12), ('emoji', 2), ('url', 1)]","['text', 'punctuation', 'text', 'emoji', 'url']",[],"[('ğŸš£\u200dâ™‚ï¸', 'ğŸŒŠ')]","[('http://www.url.com',)]","[['ğŸš£\u200dâ™‚ï¸', 'ğŸŒŠ']]","['ğŸš£\u200dâ™‚ï¸', 'ğŸŒŠ']","['ğŸŒŠ', 'ğŸš£\u200dâ™‚ï¸']"
118,Best happy hour! ğŸ¸@user102 http://www.url.com,7,"[('text', 5, ['Best', ' ', 'happy', ' ', 'hour']), ('punctuation', 1, ['!']), ('emoji', 1, ['ğŸ¸']), ('at_mention', 1, ['@user102']), ('url', 1, ['http://www.url.com'])]","[('text', 5), ('punctuation', 1), ('emoji', 1), ('at_mention', 1), ('url', 1)]","['text', 'punctuation', 'emoji', 'at_mention', 'url']","[('@user102',)]","[('ğŸ¸',)]","[('http://www.url.com',)]",[['ğŸ¸']],['ğŸ¸'],['ğŸ¸']
